<?xml version="1.0" encoding="UTF-8"?>
<beans xmlns="http://www.springframework.org/schema/beans"
	xmlns:xsi="http://www.w3.org/2001/XMLSchema-instance" xmlns:context="http://www.springframework.org/schema/context"
	xmlns:mvc="http://www.springframework.org/schema/mvc" xmlns:security="http://www.springframework.org/schema/security"
	xsi:schemaLocation="http://www.springframework.org/schema/mvc http://www.springframework.org/schema/mvc/spring-mvc-4.0.xsd
		http://www.springframework.org/schema/security http://www.springframework.org/schema/security/spring-security-3.1.xsd
		http://www.springframework.org/schema/beans http://www.springframework.org/schema/beans/spring-beans.xsd
		http://www.springframework.org/schema/context http://www.springframework.org/schema/context/spring-context-3.2.xsd">

	<security:http auto-config="true">
		<security:intercept-url pattern="/books/addBook"
			access="ROLE_ADMIN" />
		<security:form-login login-page="/login"
			default-target-url="/books/addBook" authentication-failure-url="/loginfailed" />
		<security:logout logout-success-url="/logout" />
		<security:access-denied-handler
			error-page="/403_1" />
			
		<security:intercept-url pattern="/books/delete"
			access="ROLE_ADMIN2" />
		<security:form-login login-page="/login"
			default-target-url="/books/delete" authentication-failure-url="/loginfailed" />
		<security:logout logout-success-url="/logout" />
		<security:access-denied-handler
			error-page="/403_1" /> 
	</security:http>

	<security:authentication-manager>
		<security:authentication-provider>
			<security:user-service>
				<security:user name="admin" password="admin"
					authorities="ROLE_ADMIN" />
				<security:user name="user" password="user"
					authorities="ROLE_USER" />
				<security:user name="admin2" password="admin2"
					authorities="ROLE_ADMIN2" />
			</security:user-service>
		</security:authentication-provider>
	</security:authentication-manager>


</beans>
